{
  "num of observables": 3,
  "maximum length of sequences": 2,
  "num of outcomes": 2,
  "sequences method": "sel_sequences",
  "dimension behaviors": 3,
  "dimension base": 2,
  "level": 1,
  "visibilities": [
    0.8966703868677282,
    1.0228866769129992,
    0.9989738918915922,
    1.002558357224028,
    1.0364129267354851,
    0.8067739309207521,
    1.0044714474401228,
    1.090479095554901,
    1.0595972599731691,
    0.9255725360950284,
    1.0019033673284907,
    0.9754112981522681,
    1.0105893840038507,
    1.0477889562656606,
    1.0093607276732761,
    0.9944850857704016,
    1.0217283182733385,
    1.0476262505067688,
    0.8666181389149209,
    0.13713272671829735,
    1.001133904253228,
    1.3313916937905113,
    0.8599258725915433,
    1.0584084817394894,
    1.0168305058338394,
    1.002721009906447,
    0.0007839123118514098,
    1.004179697154204,
    0.9994225310207067,
    1.093979084350769,
    1.09647702516326,
    1.1996353181156636,
    8.180500647177309e-07,
    1.0195890879890717,
    1.0389475646776984,
    1.402077584344199,
    1.1655657450464938,
    0.7312231793102539,
    1.7513468250641602,
    1.0689939958535584,
    1.041161341332075,
    0.7401934282816895,
    0.9083474351918609,
    1.0000103733002486,
    1.0425422822267734,
    1.0903271818626852,
    1.127951326157472,
    1.0003493029669879,
    1.0574546221433354
  ],
  "base ranks": 35
}