{
  "num of observables": 3,
  "maximum length of sequences": 2,
  "num of outcomes": 1,
  "sequences method": "sel_sequences",
  "dimension behaviors": 3,
  "dimension base": 2,
  "level max": 1,
  "visibilities": [
    [
      1.3224213599711794,
      0.9891102596229367,
      1.1811845402556733,
      1.0004681151400867,
      1.0306581698082813,
      1.001253253765099,
      0.9537606408807444,
      0.7702903304070209,
      0.5151159521325303,
      1.0175904784631489,
      1.0159054995922652,
      0.7508924038520868,
      0.7684164405143663,
      1.100984133802759,
      0.7598626955685752,
      1.1005060738362256,
      1.0366993981426773,
      0.9071912078081257,
      1.0060760718891686,
      1.016130264423119,
      1.0417669593716476,
      1.005300254743251,
      1.0009602857358295,
      0.9252473803098116,
      1.00436580249066,
      0.43030963094653657,
      0.6982135541536943,
      0.48998028425015333,
      1.0524540466358536,
      1.0394068613104464,
      1.0598196246782892,
      0.9874890851879515,
      0.2472728519003418,
      0.9909947801224936,
      1.000391680137204,
      0.6766580524973492,
      0.6802685710586878,
      1.1315023963814714,
      1.0230209554786522,
      1.0113208843076549,
      1.0155171560200336,
      1.0035377648397674,
      1.0014398137359974,
      0.9641854693537897,
      1.005291969285857,
      0.892759125085257,
      1.0115027396845093,
      0.959506076878637
    ]
  ],
  "base ranks": [
    35
  ]
}