{
  "Inequality": [
    -0.0550213601676558,
    0.8580901823577652,
    -0.8268842027431648,
    -0.7626423239854192,
    0.2650269794775447,
    -0.29138121991572397,
    0.6801620846876669,
    -0.30213948229799154,
    -0.03443397843879603
  ],
  "Classical Bound": -0.47904664250464357,
  "Quantum Bound": -0.6372680915558379,
  "num of observables": 3,
  "maximum length of sequences": 2,
  "num of outcomes": 2,
  "dimension behavior": 3,
  "dimension base": 2
}