{
  "Inequality": [
    0.22747346695796855,
    -0.5511629347081622,
    -0.1395773777306863,
    0.5200931376833569,
    -0.6259955703557146,
    0.28492744183509333,
    0.4672364976813743,
    0.0248055427295808,
    -0.0,
    -0.32591965129509126,
    -0.6883695221552213,
    -0.0,
    -0.0,
    0.6433991459516601,
    -0.9068888430149568,
    -0.0,
    -0.0,
    -0.0,
    0.5669393448830755,
    -0.0,
    -0.0,
    0.21117921163556885,
    -0.0,
    -0.0,
    -0.0,
    -0.0,
    -0.13005942405711735,
    -0.821815469302279,
    -0.1642648559866523,
    1.7594058938503703,
    -0.0,
    -0.0,
    -0.0,
    -0.0,
    0.026423205966294355,
    0.7014164047198614,
    2.7436115365357003,
    0.04507190127247085,
    -0.0,
    -0.0,
    -0.0,
    -0.0,
    -0.012239584629594957,
    -0.0,
    -0.0,
    -1.2531744598984413,
    -0.0,
    -0.0,
    -0.0,
    -0.5546612349294621,
    -1.195867585228847,
    -0.0,
    -0.0,
    -0.0050107391753995145,
    -0.6068811451016024,
    -0.0,
    0.22797559480699073,
    -0.8047821869341661,
    0.12399211662960763,
    -0.48566061066082467,
    1.1965629020626232,
    0.8019080468935347,
    -0.7791746684459219,
    -0.5714210026017932
  ],
  "Classical Bound": -0.5690064392946877,
  "Quantum Bound": -0.7488070170722095,
  "num of observables": 2,
  "maximum length of sequences": 3,
  "num of outcomes": 3,
  "dimension behavior": 4,
  "dimension base": 3
}